Timestamp,What is your current year of study?,Which school/faculty are you in?,What is your gender?,Where do you currently live?,Do you currently have a part-time job?,"On average, how much money do you receive per month from parents/guardians? (THB)",How much scholarship money do you receive per month? (THB),How much do you earn from part-time work per month? (THB),What is your total monthly income/available money? (THB),"How often do you receive money from parents/guardians?
",Do you have a personal savings or emergency fund for unexpected expenses?,"Do you have any other regular financial obligations or responsibilities (e.g., sending money to family or supporting dependents)?","Do you have any monthly debt or loan repayments (e.g., student loans, personal loans, credit card payments)?","Do you have any monthly debt or loan repayments (e.g., student loans, personal loans, credit card payments)?",Approximately how much do you save per month? (Enter amount in THB and enter 0 if not applicable.),Approximately how much do you pay toward debt or loan repayments per month? (Enter amount in THB and enter 0 if not applicable.),How much do you spend on accommodation/rent per month? (THB),How much do you spend on food and drinks per month? (THB),How much do you spend on transportation per month? (THB),How much do you spend on study-related expenses per month? (THB),How much do you spend on other expenses per month? (THB),What is your total monthly spending? (THB),How often do you track your spending?,Do you usually set a monthly budget?,"In the past month, did you face any unexpected/emergency expense?","If yes, about how much was the emergency expense? (THB)",Did you run out of money before the end of the month?,"If yes, how many days before month-end did your money become insufficient?"
3/19/2026 19:35:39,2nd year,School of Applied Digital Technology,Female,On-campus dormitory,No,4000-4500,-,-,4500,Irregular / When needed,No,No,No,No,300,0,1000,3000,500,500,1000,5000,Occasionally,Yes,Yes,1000,Yes,5 days
3/19/2026 19:53:14,2nd year,School of Cosmetic Science,Prefer not to say,With family/relatives,No,20,20,20,20,Every two weeks,No,Yes,Yes,No,20,20,20,20,20,20,20,20,Occasionally,No,No,20,No,20
3/19/2026 19:58:43,2nd year,School of Applied Digital Technology,Female,Off-campus housing,No,5000,0,0,5000,Monthly,Yes,No,No,No,1000,0,1500,2000,200,0,2000,5000,Occasionally,No,No,,Yes,10days
3/19/2026 20:02:28,2nd year,School of Applied Digital Technology,Female,On-campus dormitory,No,5000 THB,-,-,-,Irregular / When needed,No,No,No,No,,,1000 THB,4000 THB,1000 THB,500 THB,2000 THB,4000 THB,Daily,Yes,No,,No,
3/19/2026 20:02:30,3rd year,School of Liberal Arts,Female,Off-campus housing,Yes,4000,0,6000-10000 ,10000- 15000,Irregular / When needed,Yes,No,No,No,1000-2000,0,3000,5000,1000,1000,3000,13000,Occasionally,No,No,0,Yes,5
3/19/2026 20:07:20,2nd year,School of Applied Digital Technology,Female,Off-campus housing,No,10000,0,0,0,Monthly,No,No,No,No,500,500,3000,4000,1000,1000,1000,10000,Occasionally,Yes,No,0,No,-
3/19/2026 20:09:16,2nd year,School of Applied Digital Technology,Female,Off-campus housing,No,10000,0,0,10000,Monthly,No,No,No,No,1500,0,2500,5000,700,500-1500,3000,9000,Occasionally,Yes,No,,No,
3/19/2026 20:09:34,1st year,School of Applied Digital Technology,Female,On-campus dormitory,No,6000,0,0,6000,Monthly,Yes,No,No,No,1500,0,1000,4500,500,500,1000,5000,Daily,Yes,Yes,2000,No,5
3/19/2026 20:20:09,2nd year,School of Agro-Industry,Female,Off-campus housing,No,12000-15000,0,0,0,Monthly,No,Yes,No,No,0,0,3000,3000,800-1500,500,0,18000,Daily,Yes,Yes,5000,Yes,10
3/19/2026 20:23:31,2nd year,School of Management,Female,Off-campus housing,No,"15,000",No,No,"15,000",Monthly,Yes,No,No,No,"2,000",0,"4,600",6000,0,400,2000,13000,Occasionally,Yes,Yes,2000,No,No
3/19/2026 20:35:56,2nd year,School of Applied Digital Technology,Male,Off-campus housing,No,6000,0,0,6000,,No,No,No,No,1000,0,2000,3000,500,500,500,5000-6000,Occasionally,Yes,No,0,Yes,10
3/19/2026 20:37:39,2nd year,School of Applied Digital Technology,Male,Off-campus housing,No,"10,000 B",0,0,"10,000 B",Monthly,Yes,No,No,No,0,0,"2,500 B","over 5,000 B","2,000B",0,"2,000B","10,000 B",Occasionally,Yes,No,0,Yes,0
3/19/2026 20:40:10,3rd year,School of Applied Digital Technology,Female,Off-campus housing,No,5000,0,0,0,Monthly,Yes,No,No,No,0,0,2500,2000,300,100,100,5000,Daily,Yes,Yes,1700,Yes,10 days
3/19/2026 21:32:23,2nd year,School of Applied Digital Technology,Female,Off-campus housing,No,8500,-,-,-,Monthly,Yes,No,No,Yes,500,500,3000,5000,500,1000,1500,7000,Occasionally,Yes,No,,Yes,4 or 5 days
3/19/2026 21:41:16,2nd year,School of Liberal Arts,Female,Off-campus housing,No,6000,None,None,6000,Monthly,No,No,No,No,500,0,3000,2000,300,300,500,3000,Occasionally,No,No,None,Yes,Yes usually towards the end of the month 
3/20/2026 0:28:28,3rd year,School of Liberal Arts,Female,On-campus dormitory,No,5000-6000 THB,I don’t apply for the scholarship.,I don’t have part-time job.,0,Irregular / When needed,No,No,No,No,0,0,1000,4000,200,200,1500,Around 6000,Daily,Yes,No,,Yes,5 or 4days 
3/20/2026 1:11:29,3rd year,School of Liberal Arts,Male,Off-campus housing,No,8000,0,0,8000,Weekly,Yes,No,No,No,1000,0,4400,4200,1500,0,800,15000,Occasionally,No,No,0,No,
3/20/2026 2:41:30,2nd year,School of Applied Digital Technology,Male,Off-campus housing,No,10k,0,0,10k,Every two weeks,No,No,Yes,Yes,0,300,2.6k,7k,600,0,1.5k,10k,Weekly,Yes,No,,Yes,A week
3/20/2026 11:57:35,2nd year,School of Management,Male,Off-campus housing,No,120k,None,None,None,Monthly,No,No,No,No,None,None,4.3k,8k,500,1k,6k,12k,Never,No,No,,Yes,They transferred before run out
3/20/2026 12:07:18,2nd year,School of Management,Male,On-campus dormitory,Yes,5000,5000,360,10360,Monthly,Yes,No,No,No,3000,0,2500,6000,1500,7000,3000,20000,Occasionally,Yes,No,2000,No,.
3/20/2026 13:10:33,2nd year,School of Management,Male,On-campus dormitory,No,5000,-,-,5000,Irregular / When needed,No,No,No,No,0,0,1500,3500,500,-,-,~5000-6000,Daily,Yes,No,0,Yes,5 days 
3/20/2026 13:17:58,2nd year,School of Liberal Arts,Female,With family/relatives,No,4000B,0B,I don't have a part-time job,4000B,Weekly,Yes,No,No,No,0,0,0,about 2500B,0,about 200B,about 1000B,3500-4000B,Weekly,Yes,No,,No,
3/20/2026 13:47:42,3rd year,School of Applied Digital Technology,Female,Off-campus housing,No,5500,0,0,5500,Monthly,No,No,No,No,0,0,2150,4000,400,0,300,6850,Never,No,Yes,1300,Yes,10
3/20/2026 13:53:23,3rd year,School of Social Innovation,Female,On-campus dormitory,No,"4,000",-,-,"4,000",Monthly,Yes,No,No,No,0,0,"5,000 / per semester ","3,000",400,0,200,"4,000",Occasionally,Yes,No,,Yes,2-3 day
3/20/2026 14:41:19,1st year,School of Applied Digital Technology,Female,On-campus dormitory,No,6000,-,-,6000,Monthly,Yes,No,No,,1000-1500,0,1000,2000-3000,200-400,50-100,500-1000,4000-5000,Daily,Yes,No,,No,
3/20/2026 14:42:37,3rd year,School of Liberal Arts,Female,Off-campus housing,No,14500,-,-,14500,Monthly,Yes,No,Yes,,1000,1500,3800,5000,200,100,4000,14500,Weekly,Yes,Yes,1000,Yes,1 week
3/20/2026 14:44:23,3rd year,School of Liberal Arts,Female,Off-campus housing,Yes,4800,0,18000 (only semester break),4800,Weekly,Yes,No,Yes,,1000,1000,3000,3000,200,0,0,7000,Daily,No,No,-,No,-
3/20/2026 14:47:44,3rd year,School of Liberal Arts,Female,Off-campus housing,No,13000,-,-,13000,Weekly,Yes,No,No,,200,0,2400,600,400,100,100,3600,Occasionally,Yes,Yes,1000,Yes,3 days
3/20/2026 14:50:44,2nd year,School of Applied Digital Technology,Male,Off-campus housing,Yes,1500,0,4-5000,6000,Monthly,No,No,Yes,,0,1000,2500,3000,600,0,0,0,Weekly,Yes,Yes,7000,Yes,10
3/20/2026 15:02:37,2nd year,School of Applied Digital Technology,Male,Off-campus housing,Yes,4000,0,3000,3000,Irregular / When needed,Yes,No,No,,0,0,1800,2000,1000,800,1500,,Occasionally,Yes,No,,Yes,7
3/20/2026 15:04:42,3rd year,School of Cosmetic Science,Female,With family/relatives,No,"5,000",-,"Depends on jobs I attend as I do freelance job around 5,000-10,000","5,000-15,000",Monthly,Yes,No,Yes,,"2,000",0,-,"3,000",0,200,"1,000","4,000",Occasionally,No,No,,Yes,7
3/20/2026 15:07:59,3rd year,School of Cosmetic Science,Female,On-campus dormitory,No,"10,000",-,-,"10,000",Weekly,Yes,Yes,No,,"2,000",0,"1,000","5,600",300,200,"1,000","8,000",Weekly,Yes,No,,Yes,1
3/20/2026 15:08:07,1st year,School of Social Innovation,Female,On-campus dormitory,No,4000,3000,-,,,Yes,No,No,,0,0,1000,4000,100,0,0,,Occasionally,Yes,No,,No,
3/20/2026 15:09:30,2nd year,School of Applied Digital Technology,Male,Off-campus housing,No,8000,0,0,0,Monthly,No,No,No,,0,0,4500,3500,500,500,0,8000,Daily,No,No,no,No,0
3/20/2026 15:11:20,2nd year,School of Management,Female,Off-campus housing,No,10000,-,-,-,Weekly,No,No,No,,,,4500,Idk,Idk,Idk,Idk,100000,Never,No,No,,No,
3/20/2026 15:13:00,2nd year,School of Applied Digital Technology,Female,On-campus dormitory,No,6500,None,None,None,Monthly,No,No,Yes,,0,0,7000,3000+,None,None,-,7000+,Occasionally,No,No,-,Yes,5 days
3/20/2026 15:15:07,2nd year,School of Applied Digital Technology,Female,Off-campus housing,No,4000,0,0,,Monthly,No,No,No,,0,,2000,2000,500,0,500,,Occasionally,No,No,,Yes,
3/20/2026 15:15:43,3rd year,School of Health Science,Male,Off-campus housing,Yes,0,0,2000,3000,Not applicable,No,Yes,Yes,,500,0,2000,3000,1000,200,1000,8000,Never,No,Yes,3000,Yes,10
3/20/2026 15:19:21,3rd year,School of Health Science,Female,On-campus dormitory,Yes,2000,6000,360,6000,Irregular / When needed,Yes,No,No,,500,0,1500,4000,100,200,300,5500,Weekly,Yes,Yes,1400,No,
3/20/2026 15:23:50,2nd year,School of Management,Male,On-campus dormitory,Yes,"6,000 THB",-,600,-,Monthly,No,No,No,,0,0,"1,200 THB","4,500 THB",200 THB,"1,000 THB","1,500 THB","6,000 THB",Occasionally,Yes,Yes,500 THB,Yes,10 days before end month
3/20/2026 15:40:27,3rd year,School of Health Science,Female,Off-campus housing,No,9000,1000,-,10000,Monthly,No,No,No,,0,0,3000,4000,160,0,2500,10000,Occasionally,Yes,No,,No,
3/20/2026 15:40:41,3rd year,School of Applied Digital Technology,Male,Off-campus housing,Yes,6000 THB,-,360 THB,6360  THB,Monthly,,No,No,,0,0,1500 THB,2500 THB,1000 THB,-,-,6360 THB,Weekly,No,No,-,No,-
3/20/2026 17:28:24,3rd year,School of Management,Female,On-campus dormitory,No,4000 baht,I don’t have any scholarships,-,4000,Monthly,Yes,Yes,No,,500,0,5500,1300,500,500,2000,4500-5500,Daily,Yes,Yes,1000,Yes,Maybe middle of the month 
3/20/2026 18:36:37,2nd year,School of Applied Digital Technology,Male,Off-campus housing,No,8000 THB,-,-,8000 THB,Weekly,Yes,No,No,,2000 THB,-,2700+ THB,4000 THB,400 THB,-,2000 THB,6000 THB,Weekly,Yes,No,-,No,
3/20/2026 23:20:57,3rd year,School of Liberal Arts,Female,Off-campus housing,Yes,2000,0,7000-15000,8000,Monthly,No,No,No,,2000,0,8000,4000,1000,500-1000,3000,7000-10000,Weekly,No,No,,Yes,
3/20/2026 23:28:20,3rd year,School of Liberal Arts,Female,Off-campus housing,No,7000,no,-,10000,Irregular / When needed,Yes,No,No,,3000,0,2000,5000,500,-,1500,7000,Weekly,Yes,No,-,Yes,1 week
3/21/2026 0:43:05,3rd year,School of Liberal Arts,Female,Off-campus housing,Yes,4000 THB,-,2500 THB,4000 THB,Monthly,Yes,No,No,,0,0,2800 THB,3000 THB,500 THB,500 THB,1500 THB,4000 THB,Occasionally,No,No,,Yes,7 days
3/21/2026 9:04:03,3rd year,School of Liberal Arts,Female,Off-campus housing,No,Around 9000,Don't receive,Don't earn,Around 9000,Monthly,Yes,No,Yes,,500,500,2500,5000,450,500,500,8950,Daily,Yes,Yes,5000,Yes,At the half of the month
3/21/2026 11:47:26,4th year,School of Management,Female,Other,Yes,5000,"50,000",1500,5000,Irregular / When needed,Yes,Yes,No,,2000,3000,2000,2000,0,0,1000,4000,Weekly,Yes,No,-,No,",-"
3/21/2026 15:44:29,3rd year,School of Management,Female,Off-campus housing,No,"Between 16,000-20,000 THB",0 THB,0 THB,"No I don’t have income , just pocket money ",Irregular / When needed,Yes,No,No,,Between 1000-1500 THB,0,"Between 4,200-4,600 THB","Around 6,500 THB",Around 500 THB,"Around 1,000 THB","Around 2,000-3,000 THB","15,000-16,000 THB",Weekly,Yes,Yes,"Around 2,000 THB for my tooth extraction ",No,
3/21/2026 18:29:22,1st year,School of Cosmetic Science,Female,On-campus dormitory,No,8000,0,0,8000,Weekly,Yes,No,No,,0,0,1000,7000,160,0,600,7760,Daily,Yes,No,,No,
3/22/2026 9:34:12,2nd year,School of Applied Digital Technology,Female,On-campus dormitory,No,6000,1000,0,7000,Monthly,No,No,No,,0,0,1000,5500,70,60,1000,6500,Occasionally,Yes,No,,Yes,5 days
3/22/2026 23:57:02,1st year,School of Cosmetic Science,Female,Off-campus housing,No,8000,-,-,-,Monthly,Yes,No,No,,0,0,4000,2000,500,-,1000,3500,Weekly,Yes,Yes,6000,No,-
3/23/2026 15:03:17,2nd year,School of Management,Female,On-campus dormitory,No,9000,…,…,….,Monthly,No,No,No,,0,0,4000,6000,300,200,600,10000,Daily,No,No,0,Yes,5
3/23/2026 15:03:37,1st year,School of Liberal Arts,Female,On-campus dormitory,No,7000-8000,-,-,7000-8000,Monthly,Yes,Yes,No,,500,0,1875,5000,1500,0,0,7000-8000,Weekly,Yes,No,,Yes,
3/23/2026 15:03:40,1st year,School of Liberal Arts,Female,Off-campus housing,No,"Ɓ10,000",0,0,11000,Weekly,Yes,Yes,No,,2000,0,5800,3000,1000,1000,500,20000,Weekly,Yes,Yes,4000,No,
3/23/2026 15:05:09,1st year,School of Liberal Arts,Female,Off-campus housing,No,6000,-,-,-,Monthly,Yes,No,No,,200,0,"2,000","3,000",200,-,500,"5,500",Occasionally,Yes,Yes,500,Yes,-
3/23/2026 15:05:23,1st year,School of Liberal Arts,Female,Off-campus housing,No,12000 thb,-,-,12000 thb,Monthly,Yes,No,No,,8000 thb,0,0,3000 thb,0,0,0,3000 thb,Occasionally,Yes,No,,No,
3/23/2026 15:05:41,1st year,School of Liberal Arts,Female,Off-campus housing,No,7000,-,-,10000,Monthly,Yes,No,No,,5000,-,6000,3000,300,Not sure,1000,6000,Daily,Yes,No,,No,
3/23/2026 15:06:01,1st year,School of Liberal Arts,Male,On-campus dormitory,No,6000,-,-,0,Monthly,No,No,Yes,,0,100,-,Nearly 4000,-,-,1000-2000,6000,Occasionally,No,Yes,800,Yes,5-10
3/23/2026 15:06:18,1st year,School of Liberal Arts,Female,On-campus dormitory,No,"10,000",-,-,"10,000",Monthly,Yes,No,No,,"1,000",0,I live in a on-campus dorm. The dorm fee here is 4000 baht per semester.,"5,000",200,0,"3,000",8200,Weekly,Yes,No,0,Yes,sometimes 2-3 days
3/23/2026 15:06:29,1st year,School of Liberal Arts,Female,On-campus dormitory,No,"10,000",-,-,"10,000",Monthly,Yes,No,No,,"3,000",0,-,"5,000",-,-,-,"7,000",Weekly,Yes,No,-,No,-
3/23/2026 15:06:50,1st year,School of Liberal Arts,Female,On-campus dormitory,Yes,1000,3000,-,4000,Weekly,No,No,No,,500,0,0,3000,0,0,1000,4000,Daily,Yes,Yes,500,Yes,10
3/23/2026 15:06:57,1st year,School of Liberal Arts,Female,On-campus dormitory,No,8000,0,0,8000,Monthly,Yes,No,No,,1000,0,300,4500,0,200,2000,7000,Daily,Yes,No,,Yes,2
3/23/2026 15:06:58,1st year,School of Liberal Arts,Female,Off-campus housing,No,"6,000",-,-,"6,000",Monthly,Yes,No,No,,500,"3,500","3,500","4,000",200,-,-,"6,000",Occasionally,Yes,Yes,"1,000",Yes,8 day
3/23/2026 15:07:12,1st year,School of Liberal Arts,Female,On-campus dormitory,No,3000,-,-,-,Not applicable,Yes,Yes,Yes,,1500,200,1000,≈1000-2000,1000,-,-,-,Weekly,Yes,Yes,25000,Yes,10
3/23/2026 15:07:22,1st year,School of Liberal Arts,Female,On-campus dormitory,Yes,8000,-,1300,9300,Weekly,Yes,No,Yes,,2500,1200,-,2800,200-300,-,1500,3500,Weekly,No,Yes,3600,No,
3/23/2026 15:10:10,1st year,School of Liberal Arts,Female,On-campus dormitory,No,"8,000 per month ",Don’t have ,Don’t have,"8,000-10,000 per month ",Weekly,No,Yes,No,,0,0,Don’t have,"8,000",200-300 per month ,Idk,"5,000","10,000",Daily,Yes,Yes,"1,000",Yes,300
3/23/2026 15:12:32,1st year,School of Liberal Arts,Female,On-campus dormitory,Yes,"5,000 THB",-,"1,500-2,000 THB","6,500 -7,000 THB",Monthly,Yes,No,No,,0,0,"1,000 THB","4,300 THB",150 THB,130 THB,100 THB,"5,500 THB",Occasionally,Yes,Yes,500 THB,No,
3/23/2026 15:12:44,1st year,School of Liberal Arts,Female,On-campus dormitory,No,"8,000",-,-,-,Monthly,Yes,No,No,,"1,000",0,"12,000 per semester ","5,000",0,0,"1,000","7,000",Never,No,No,,No,
3/23/2026 15:12:59,1st year,School of Liberal Arts,Female,On-campus dormitory,No,"6,000",—,—,,Monthly,No,No,No,,0,0,"8,000 / per semester",4500,0,0,1000,6000-7000,Never,No,No,,Yes,1 week
3/23/2026 16:31:18,2nd year,School of Management,Male,On-campus dormitory,No,6000,0,0,6000,Monthly,Yes,No,No,,500,0,1500,3500,100,100,300,5500,Daily,Yes,Yes,500,Yes,25
3/23/2026 16:32:54,1st year,School of Liberal Arts,Male,On-campus dormitory,Yes,9000,-,3000,13000,Weekly,Yes,No,No,,3000,-,3800,5000,300,-,3000,7000,Never,No,No,-,No,-
3/23/2026 16:33:14,1st year,School of Liberal Arts,Male,Off-campus housing,No,15000,5000,0,15000,Weekly,No,No,Yes,,0,0,6000,6000,500,300,4000,Not Sure,Occasionally,Yes,No,0,No,0
3/23/2026 16:34:28,1st year,School of Liberal Arts,Male,Off-campus housing,No,Around 7000to8000bath,No scholarship money,No part time,6000,Monthly,Yes,No,No,,Around 1000 bath,0,0,Around 200 per ,200,Around 1000bath,0,7000-8000,Weekly,Yes,Yes,2000up,Yes,28-30
3/23/2026 16:34:30,1st year,School of Liberal Arts,Female,On-campus dormitory,No,"6,500",-,-,"6,500",Monthly,Yes,No,Yes,,"2,000-3,500",0,"4,000","1,500-2,500",10-30,0-100,-,"1,500-3,000",Daily,Yes,No,-,No,-
3/23/2026 16:34:34,2nd year,School of Management,Male,On-campus dormitory,No,5000,-,-,-,Monthly,No,No,No,,-,-,1300,4000,0,200,400,5000-6000,Weekly,Yes,Yes,2000,Yes,10 days before month end
3/23/2026 16:35:58,1st year,School of Liberal Arts,Male,On-campus dormitory,No,"50,000+",-,-,-,Weekly,Yes,No,No,,0,0,"4,000~","10,000~",100~,-,-,Haven't calculated ,Occasionally,No,No,-,No,-
3/23/2026 16:36:12,1st year,School of Liberal Arts,Male,Off-campus housing,No,5000,3000,-,8000,Monthly,Yes,No,No,,1000,0,4000,3000,1000,0,0,4000,Daily,Yes,No,,No,
3/23/2026 16:36:20,1st year,School of Liberal Arts,Male,On-campus dormitory,No,8000,0,0,0,Weekly,Yes,No,No,,4000,0,0,3000,300,200,500,4000,Daily,Yes,No,,No,
3/23/2026 16:36:31,1st year,School of Liberal Arts,Female,On-campus dormitory,No,3000-4000,3000,0,6000-7000,Every two weeks,No,Yes,No,,0,0,0,5000,0,1000,3000,4000,Never,No,No,No,Yes,7 days
3/23/2026 16:36:39,1st year,School of Liberal Arts,Male,On-campus dormitory,No,3000,-,-,3000,Monthly,No,No,Yes,,-,500,1000,1500,100,0,0,2500,Occasionally,No,No,,No,
3/23/2026 16:37:01,1st year,School of Liberal Arts,Female,On-campus dormitory,No,0,"3,000",0,"3,000",Irregular / When needed,Yes,No,No,,300,0,0,"2,700",0,0,0,2700,Occasionally,Yes,No,,Yes,5 day before month-end
3/23/2026 16:37:02,1st year,School of Liberal Arts,Female,On-campus dormitory,No,5000,-,-,5000,Monthly,Yes,No,No,,0,0,4000,3000,700,0,500,4200,Weekly,Yes,No,0,No,0
3/23/2026 16:38:34,1st year,School of Liberal Arts,Female,On-campus dormitory,No,"3,000 bath",-,-,-,Monthly,Yes,No,No,,-,-,-,"1,500 bath",-,-,-,"2,700 bath",Occasionally,Yes,Yes,300 bath,Yes,2-3 days
3/23/2026 16:40:11,1st year,School of Liberal Arts,Male,On-campus dormitory,No,"3,000 bath","For one semester 6,000 bath",-,-,Weekly,Yes,No,No,,0,0,0,"2,500 bath",250 bath,100 bath,0,"3,000 bath",Weekly,Yes,No,0,No,0
3/23/2026 16:41:45,1st year,School of Liberal Arts,Male,On-campus dormitory,No,5000 baht,-,-,5000 baht,Weekly,No,No,No,,0,0,1200,3500,500,500,500,4000,Daily,Yes,No,-,No,-
3/23/2026 16:42:28,1st year,School of Liberal Arts,Female,On-campus dormitory,No,"2,000-4,000",-,--,"3,500-4,000",Monthly,Yes,No,No,,-,-,"2,000","2,000",500,-,"1,500","2,000-3,000",Weekly,Yes,No,,Yes,One week
3/23/2026 16:42:47,1st year,School of Liberal Arts,Other,On-campus dormitory,No,12000-15000,12000-15000,0,15000,Monthly,Yes,No,Yes,,1000-2000,0,1000,6000,1500,1000,3000,12500,Daily,No,No,,Yes,10
3/23/2026 18:12:21,1st year,School of Liberal Arts,Female,On-campus dormitory,No,"1,000","3,000",0,"3,000-4,000",Monthly,No,No,No,,200-300,0,"1,000","3,000",200,200,200,"3,000",Weekly,No,Yes,"5,000",Yes,10
3/23/2026 18:12:24,1st year,School of Liberal Arts,Male,On-campus dormitory,Yes,None,No,10000,10000,Irregular / When needed,No,Yes,No,,0,0,1500,5000,2000,2000,2000,0,Weekly,Yes,Yes,0,Yes,5
3/23/2026 18:13:02,1st year,School of Liberal Arts,Female,On-campus dormitory,No,7000,500,0,7500,Monthly,No,No,No,,0,0,1000,4000,500,200,800,5500,Weekly,No,No,10000,No,10000
3/23/2026 18:13:19,1st year,School of Liberal Arts,Prefer not to say,On-campus dormitory,Yes,6000,-,1200,7200,Not applicable,Yes,Yes,Yes,,300,0,1000,3000,0,1000,500,5500,Daily,Yes,No,-,No,
3/23/2026 18:13:51,1st year,School of Liberal Arts,Male,On-campus dormitory,No,6000,-,-,-,Monthly,Yes,Yes,No,,-,-,-,Around 4000,-,-,1000,5000-5500,Daily,Yes,No,-,No,-
3/23/2026 18:13:57,1st year,School of Liberal Arts,Female,On-campus dormitory,No,6000,0,0,0,Weekly,Yes,No,Yes,,1000,0,1000,5000,0,1000,0,7000,Weekly,Yes,No,No,No,No
3/23/2026 18:14:18,1st year,School of Liberal Arts,Male,Off-campus housing,No,5000,-,-,-,Monthly,Yes,No,No,,2000,0,2900,3000,2000,0,600,3700,Never,Yes,No,1200,Yes,3 days
3/23/2026 18:14:46,1st year,School of Liberal Arts,Female,On-campus dormitory,No,5000 baht,0,0,5000 baht,Irregular / When needed,No,No,No,,0,0,300baht,4000baht,200,500,500,5000,Weekly,No,No,10000,No,10000
3/23/2026 18:15:05,1st year,School of Liberal Arts,Female,On-campus dormitory,No,"7,000",0,0,7500,Monthly,Yes,No,Yes,,500,More than 200,0,4000,0,300,1000,7000,Never,Yes,Yes,More than 800,Yes,2-3 days
3/23/2026 18:15:41,1st year,School of Liberal Arts,Female,Off-campus housing,Yes,None,3000,2000,5000,Not applicable,Yes,No,Yes,,200,3000,2500,3000,200,100,3000,Around5000,Occasionally,Yes,Yes,500,Yes,4 days
3/23/2026 18:16:21,1st year,School of Liberal Arts,Female,On-campus dormitory,No,"6,000฿",0,0,"6,000",Every two weeks,No,No,No,,500,0,"2,000","3,000",0,0,"1,500","5,500",Occasionally,Yes,No,-,Yes,1-2
3/23/2026 18:17:14,1st year,School of Liberal Arts,Female,On-campus dormitory,No,6000-7000THB,0,0,6000-7000,Every two weeks,Yes,No,No,,1000-1500THB,0,0,4500,500,500,500-1000,6000-6500,Occasionally,No,No,,No,
3/23/2026 18:17:46,1st year,School of Liberal Arts,Male,On-campus dormitory,No,3000 thb per month ,1200 per month ,-,5000 thb,Weekly,No,No,Yes,,200-300 ,1200,1200,3000,300,500,500,5000,Weekly,Yes,No,-,No,-
3/23/2026 18:18:44,1st year,School of Liberal Arts,Male,On-campus dormitory,No,"9,000 - 15,000",-,-,"4,000 - 6,000",Irregular / When needed,Yes,No,Yes,,"4,500 - 6,000","1,200 + ( dentist ) 100-300 internet, application ",0,"1,000 - 1,500",80,0,"2,000 - 3,000","4,000 +",Daily,Yes,No,-,No,-
3/23/2026 18:19:38,1st year,School of Liberal Arts,Female,On-campus dormitory,No,6000,0,0,6000,Monthly,Yes,Yes,No,,0,1000,0,5000,100-500,100-500,1000,6000,Weekly,Yes,Yes,200-500,Yes,10
3/24/2026 14:17:30,2nd year,School of Applied Digital Technology,Female,On-campus dormitory,No,3500,3000,0,6500,Monthly,No,No,No,,0,0,4000,4500,0,0,1000,5500,Occasionally,Yes,Yes,500,Yes,7
3/25/2026 12:43:58,2nd year,School of Liberal Arts,Other,Other,Yes,"6,800",-,"10,037","16,837",Weekly,Yes,No,No,,"1,000",-,"3,500 - 3,600","2,500 - 3,000",240 THB,300 - 400,"9,597","7,240",Daily,Yes,No,-,No,-
3/25/2026 21:06:47,1st year,School of Applied Digital Technology,Male,On-campus dormitory,Yes,"2,000",-,"4,400","1,000",Weekly,No,No,Yes,,0,"1,000","2,500","3,600",0,0,0,"5,000",Weekly,Yes,Yes,"1,000",No,-
3/25/2026 22:04:32,2nd year,School of Health Science,Male,On-campus dormitory,No,9000,-,-,3000,Monthly,Yes,No,No,,4000,0,1000,3000,500,500,500,4500,Never,No,No,1000,No,-
3/26/2026 15:06:47,1st year,School of Health Science,Female,On-campus dormitory,No,4000,None,None,4000,Monthly,Yes,No,No,,,,1000,2500,60,300,1100,4000,Daily,Yes,No,,No,
3/26/2026 15:06:49,1st year,School of Health Science,Female,On-campus dormitory,No,4000,0,0,4000,Monthly,No,No,No,,0,0,0,3500,500,0,0,4000,Never,No,No,,No,
3/26/2026 15:07:08,1st year,School of Health Science,Male,On-campus dormitory,No,4600,0,0,4600,Monthly,No,No,No,,500,0,0,2500,0,500,1000,4000,Occasionally,Yes,Yes,500,No,
3/26/2026 15:07:21,1st year,School of Health Science,Female,On-campus dormitory,No,3000,-,-,-,Irregular / When needed,No,No,No,,-,-,3000,2500,-,-,500,3000,Occasionally,Yes,No,-,Yes,-
3/26/2026 15:08:04,1st year,School of Health Science,Female,On-campus dormitory,No,2000,9000,0,11000,,Yes,No,No,,1000,0,1000,4000,300,500,2000-2500,6000-7000,Weekly,Yes,No,0,No,0
3/26/2026 15:09:23,1st year,School of Health Science,Male,On-campus dormitory,No,6000 บาท,1500,0,6000,Monthly,No,No,Yes,,500,1500,1000,6000,400,300,500,6000,Daily,No,Yes,500,Yes,1-2 day
3/26/2026 15:09:51,1st year,School of Health Science,Female,On-campus dormitory,Yes,"5,000",-,"2,500","7,500",Monthly,Yes,No,No,,"1,500",-,1000,4000,500,-,1000,6500,Weekly,Yes,No,,No,
3/26/2026 15:10:09,1st year,School of Health Science,Female,On-campus dormitory,No,"7,000/month","3,000",-,-,Weekly,Yes,No,No,,0,0,-,"5,000",100/week,0,"5,000","10,000",Occasionally,Yes,No,"1,000",No,
3/26/2026 15:10:20,1st year,School of Health Science,Female,On-campus dormitory,No,4500,1500,0,6000,Irregular / When needed,No,No,No,,0,0,1000,3500,100,100,1000,5000-5500,Weekly,Yes,Yes,,Yes,4-5 days
3/26/2026 15:10:26,1st year,School of Health Science,Male,Off-campus housing,Yes,"300,000",None,1000- 3000baht,"60,000",Irregular / When needed,Yes,No,No,,0,0,6000,"10,000",3200,200,"10,000","10,000",Never,No,No,No,No,No
3/26/2026 15:10:35,1st year,School of Health Science,Female,On-campus dormitory,No,5000-6000,-,-,5000-6000,Every two weeks,No,No,No,,0,-,1000,4000,1000,300-500,100-300,5000-6000,Occasionally,Yes,Yes,200-500,Yes,1-2
3/26/2026 15:11:06,1st year,School of Health Science,Male,On-campus dormitory,No,20000,-,-,250,Monthly,No,No,No,,0,0,-,12000-15000,500,500,4000,20000,Never,No,No,0,Yes,10
3/26/2026 15:11:19,1st year,School of Health Science,Female,On-campus dormitory,No,4000,2900,-,4500,Monthly,Yes,No,No,,500,-,1000,3000,200,200,500,4500,Occasionally,Yes,No,-,No,-
3/26/2026 15:11:34,1st year,School of Health Science,Female,On-campus dormitory,No,6500,-,-,6500,Monthly,Yes,No,No,,500,0,1000,"3,500",300,200,0,"5,500",Occasionally,Yes,Yes,0,No,-
3/26/2026 15:12:08,1st year,School of Health Science,Male,On-campus dormitory,No,"6,000-7000 THB",No,No,From parents ,Weekly,Yes,Yes,No,,1000,No,4000 per term,"3,000",1000,500,2000,600-7500,Daily,Yes,Yes,100-500,Yes,1-10
3/26/2026 15:12:27,1st year,School of Health Science,Female,On-campus dormitory,No,3500,-,Not have,600,Weekly,No,No,No,,100,0,4000/1 term ,2500-3000,500,500,500,3,Daily,Yes,Yes,500,Yes,-
3/26/2026 15:12:39,1st year,School of Health Science,Female,On-campus dormitory,No,8000,No,No,8000,Monthly,Yes,No,No,,500,,No,6000-7000,No,500,2000,7000,Daily,Yes,Yes,Travel expenses back to the provinces. ,No,
3/26/2026 15:15:08,1st year,School of Health Science,Female,On-campus dormitory,No,"3,000",-,-,"3,000",Monthly,Yes,No,No,,900,0,"1,200","2,000",0,200,"1,000","3,000",Weekly,Yes,Yes,300,Yes,7
3/26/2026 15:15:51,1st year,School of Health Science,Female,On-campus dormitory,No,9000 THB,-,-,-,Monthly,Yes,No,No,,2000-3000,0,-,3000-4000,300,-,2000,5000,Weekly,No,No,-,No,-
3/26/2026 15:20:01,1st year,School of Health Science,Female,On-campus dormitory,No,5000,none,none,5000,Monthly,Yes,No,Yes,,100,0,1000,3500,500,200,700,4900,Weekly,Yes,No,,Yes,3
3/26/2026 15:27:59,2nd year,School of Applied Digital Technology,Male,Off-campus housing,Yes,2500,0,360,3000,Monthly,Yes,No,No,,0,0,1555.55,700,300,0,0,3000,Occasionally,Yes,No,,Yes,5
3/26/2026 16:32:58,2nd year,School of Integrative Medicine,Female,On-campus dormitory,No,8000,-,-,8000,Weekly,Yes,No,No,,500,0,0,4000,0,0,2000,6000,Weekly,Yes,Yes,1000,Yes,1-2days
3/26/2026 16:33:24,1st year,School of Nursing,Male,On-campus dormitory,No,3000,3000,0,6000,Every two weeks,Yes,No,No,,1000,0,1750,2000,400,200,300,2000,Occasionally,Yes,No,,No,
3/26/2026 16:33:35,3rd year,School of Law,Male,Other,No,30000,200000,10000,15000,Monthly,No,No,No,,20000,5000,10000,15000,10000,10000,15000,10000,Weekly,Yes,Yes,5000,No,3
3/26/2026 16:34:19,2nd year,School of Integrative Medicine,Female,Off-campus housing,No,6000,0,0,500,Monthly,Yes,No,No,,500,0,2000,3500,100,0,0,5500,Occasionally,Yes,Yes,3000,Yes,3
3/26/2026 16:34:56,3rd year,School of Liberal Arts,Female,On-campus dormitory,No,"10,000",0,0,"10,000",Monthly,Yes,No,Yes,,3000,200,0,6000,150,50,800,6000-7000,Daily,Yes,Yes,500,No,-
3/26/2026 16:36:15,2nd year,School of Management,Male,On-campus dormitory,No,3000,-,-,-,Monthly,No,No,Yes,,0,200-400,-,3000,-,-,-,3000,Weekly,Yes,No,-,Yes,-
3/26/2026 16:37:17,2nd year,School of Applied Digital Technology,Male,Off-campus housing,No,5000,0,0,0,Monthly,Yes,No,No,,500,0,1550,1500,500,500,1000,5000,Occasionally,Yes,Yes,1000,Yes,10
3/26/2026 16:38:42,1st year,School of Health Science,Female,On-campus dormitory,No,8000,Don’t have ,Don’t have ,Don’t have ,Weekly,Yes,No,No,,0,0,5000,8000,400,"12,500",8000,8000,Weekly,Yes,No,3000,Yes,3
3/26/2026 16:40:29,1st year,School of Social Innovation,Female,On-campus dormitory,No,"10,000 bath",-,-,"10,000 bath",Monthly,Yes,No,Yes,,2000 bath,1500 per month ,"15,000 per semester ",4000 bath,300 bath,200 bath,200 bath,7000 bath,Daily,Yes,No,,No,
3/26/2026 16:41:11,1st year,School of Management,Female,On-campus dormitory,No,4500,-,-,5500,Monthly,Yes,Yes,No,,1000,-,0,3000,200,0,500,3700,Occasionally,Yes,No,,No,
3/26/2026 16:42:38,4th year,School of Applied Digital Technology,Female,With family/relatives,No,15000,-,-,15000,Weekly,No,No,No,,0,0,0,0,0,0,0,0,Weekly,No,No,0,Yes,25
3/26/2026 16:42:41,3rd year,School of Liberal Arts,Female,On-campus dormitory,No,"5,600",-,-,-,Weekly,Yes,No,No,,300,-,"1,400","3,500",0,0,"1,500","5,000",Daily,No,No,-,No,-
3/26/2026 16:42:54,2nd year,School of Law,Female,On-campus dormitory,No,"6,000",-,-,"6,000",Monthly,Yes,No,No,,"9,000",-,"3,000",120,100,-,200,"3,500",Occasionally,Yes,No,-,No,-
3/26/2026 16:46:40,1st year,School of Applied Digital Technology,Male,Off-campus housing,No,6000,0,1000,7000,Monthly,No,No,No,,200,0,3000,4000,400,2000,3000,7000,Occasionally,Yes,No,,Yes,7
3/26/2026 16:47:05,3rd year,School of Law,Male,On-campus dormitory,No,5000,3000,0,8000,Weekly,Yes,No,Yes,,0,1000,1000,5000,400,500,0,7000,Weekly,Yes,Yes,300,Yes,7
3/26/2026 16:48:11,1st year,School of Applied Digital Technology,Male,On-campus dormitory,No,6000,None,None ,None,Monthly,Yes,No,No,,500,0,1000,4000,200,500,500,6000,Occasionally,No,No,No,No,No
3/26/2026 16:48:16,3rd year,School of Law,Male,Off-campus housing,No,6000,No,No,6000,Every two weeks,Yes,No,Yes,,1000,300,3300,4500,400,No,No,About 4500-5000,Weekly,Yes,No,,No,
3/26/2026 16:48:16,1st year,School of Applied Digital Technology,Male,On-campus dormitory,No,6000,None,None,6000,Monthly,Yes,Yes,No,,None,0,2500,6000,Around 500,around 500,1000,Around 7000,Daily,Yes,Yes,around 2000,Yes,depends on month
3/26/2026 16:48:44,3rd year,School of Sinology,Female,On-campus dormitory,No,"5,000-7,000 THN","25,000THB",-,,Monthly,No,Yes,No,,,,"3,000","4,000-5,500",300,"Maybe 200-1,600",-,,Occasionally,No,No,,Yes,
3/26/2026 16:49:36,3rd year,School of Sinology,Female,Off-campus housing,No,"Around 15,000 baht",-,-,-,Monthly,No,No,No,,0,0,"6,000","6,000",600,-,"1,000","Around 13,000",Weekly,No,No,,No,
3/26/2026 16:49:40,3rd year,School of Sinology,Female,On-campus dormitory,No,5000,0,0,0,Weekly,No,No,No,,500,0,3750,3000,10000,0,0,4000,Occasionally,No,Yes,,Yes,5-7
3/26/2026 16:49:51,3rd year,School of Applied Digital Technology,Female,Off-campus housing,No,"6,000",-,-,500,Weekly,Yes,No,No,,0,0,"2,900","2,000",200,-,500,"6,000",Weekly,No,No,,No,
3/26/2026 16:50:45,3rd year,School of Applied Digital Technology,Female,Off-campus housing,No,"8,000",-,-,1000,Weekly,No,No,No,,0,0,"5,000","25,000",200,0,"1,000","6,500",Weekly,Yes,No,-,No,-
3/26/2026 16:51:11,3rd year,School of Sinology,Female,Off-campus housing,No,"4,000",0,0,0,Weekly,No,No,No,,"1,000","1,000","3,500","3,000",400,0,0,"4,000",Daily,Yes,No,,No,
3/26/2026 16:51:36,3rd year,School of Management,Female,Off-campus housing,No,"15,000",0,0,"15,000",Monthly,Yes,No,No,,1000,0,"4,000","7,000","2,000",0,"2,000","13,000",Occasionally,Yes,Yes,"2,000",Yes,7
3/26/2026 16:51:43,3rd year,School of Nursing,Female,Off-campus housing,No,"15,000",.,.,"15,000",Monthly,Yes,No,No,,0,0,"5,000","6,000",200,1000,"2,800","15,000",Occasionally,No,No,,Yes,5 days
3/26/2026 16:51:45,2nd year,School of Management,Female,With family/relatives,No,"5,000",-,-,"5,000",Monthly,Yes,No,No,,0,0,"3,500","2,000","2,000",0,"1,000","5,000+",Never,No,Yes,-,No,-
3/26/2026 16:51:49,3rd year,School of Applied Digital Technology,Female,Off-campus housing,Yes,7200,-,"3,000-4,000","10,000",Weekly,No,No,Yes,,-,"3,000","3,000","5,000-6,000","1,200",-,"500-1,000","Maybe 10,000",Occasionally,No,Yes,"Maybe 1,000",No,
3/26/2026 16:52:20,2nd year,School of Nursing,Female,Off-campus housing,No,"4,000",-,-,"4,000",Weekly,No,No,No,,500,0,"4,000",500,"1,000",500,"2,000","4,000",Weekly,Yes,Yes,Shirt model,No,
3/26/2026 16:52:21,1st year,School of Liberal Arts,Male,On-campus dormitory,Yes,4000,Non,Depend on my time ,Not stable ,Monthly,Yes,No,Yes,,500 bath ,300 bath ,200,3000,100,Non ,Non,3300,Weekly,Yes,Yes,600 bath ,Yes,5 days before oftenly 
3/26/2026 16:52:29,2nd year,School of Management,Female,With family/relatives,No,4000,3000,0,500,Weekly,Yes,No,Yes,,500,0,0,1500,2000,0,1000,4500,Occasionally,Yes,Yes,100,No,
3/26/2026 16:52:35,3rd year,School of Management,Female,Off-campus housing,No,20000,-,-,7000,Monthly,Yes,No,No,,5000,-,4000,5000,500,0,3000,Maybe 8500,Never,Yes,No,-,No,-
3/26/2026 16:52:51,2nd year,School of Nursing,Female,On-campus dormitory,No,5000,0,0,5000,Weekly,No,Yes,No,,500,0,1000,3500,300,200,1000,5500,Weekly,Yes,Yes,200,No,
3/26/2026 16:52:55,4th year,School of Management,Female,Other,No,6000,No,No,No,Monthly,No,Yes,No,,,,3300,2000,500,1000,Nothing ,6000,Occasionally,No,No,,No,
3/26/2026 16:53:03,4th year,School of Management,Female,On-campus dormitory,Yes,"6,000",No,"Around 1,000 THB","7,000 approximately ",Monthly,No,No,No,,300 THB,0 THB,"1,500 THB","Approximately 5,000 THB",Around 200 THB,Around 500 THB,Around 1000 and more THB,"Around 7,000 ",Daily,Yes,Yes,Medical Expense(It didn’t cover my insurance),Yes,Around 1 week before 
3/26/2026 16:53:09,2nd year,School of Nursing,Female,On-campus dormitory,No,7000,-,-,7000,Monthly,Yes,No,No,,2000,-,5000,3000,1000,500,1000,5000,Daily,Yes,Yes,My mom was broke,No,
3/26/2026 16:53:12,1st year,School of Law,Female,On-campus dormitory,Yes,"6,000",No,Depending on my diligence ,6000,Monthly,Yes,No,No,,1000 to 1500,1000,1000,1000-1500,100-150,100,500,3250,Weekly,Yes,Yes,1000-1500,Yes,Before a week 
3/26/2026 16:53:19,3rd year,School of Medicine,Male,Off-campus housing,No,12500,0,0,12500,Monthly,No,No,No,,0,0,2950,8000,700,0,850,12500,Never,No,Yes,700,Yes,5
3/26/2026 16:53:34,3rd year,School of Liberal Arts,Male,Off-campus housing,Yes,4000,3000,2000+,9000+,Weekly,Yes,Yes,Yes,,300,1000+,4000+,2000+,500,None,500,7000,Never,No,Yes,400+,Yes,Around 2 or 3 days
3/26/2026 16:53:39,3rd year,School of Management,Female,Off-campus housing,No,"10,000","5,000",0,"15,000",Weekly,Yes,No,No,,"5,000",0,"7,000","5,000",200,200,"5,000","15,000",Occasionally,No,No,,Yes,1-2
3/26/2026 16:53:47,2nd year,School of Nursing,Female,Off-campus housing,No,8000,3000,-,11000,Monthly,No,Yes,No,,100,,3000,Can not count ,1000,-,-,11000,Daily,No,Yes,,Yes,
3/26/2026 16:53:52,2nd year,School of Nursing,Female,Off-campus housing,No,"8,000 THB per month ",-,-,-,Weekly,Yes,No,No,,500 THB,-,"7,000 THB","6,200 THB",-,500 THB,"1,000 THB","8,000-9,000 THB",Daily,Yes,No,,Yes,2-3 days
3/26/2026 16:53:53,2nd year,School of Management,Female,Off-campus housing,No,6000,-,-,-,Monthly,Yes,No,No,,0,0,4000,5000,500,0,1000,10500,Occasionally,Yes,No,0,No,-
3/26/2026 16:54:07,3rd year,School of Agro-Industry,Female,On-campus dormitory,No,15000,-,-,2000,Monthly,Yes,No,No,,0,0,5000,5000,200,200,3000,13400,Never,No,No,500,No,-
3/26/2026 16:54:16,5th year or above (including 6th year or more),School of Sinology,Female,Off-campus housing,No,"9,000",-,-,-,Monthly,Yes,No,No,,1000,-,4000,6000,500,500,1000,9000,Weekly,No,Yes,2000,Yes,It depends on the month.
3/26/2026 16:54:40,4th year,School of Nursing,Female,Off-campus housing,No,"6,000",-,-,"5,000",Every two weeks,Yes,No,No,,500,0,"3,500","4,000",200,200,200,"4,600",Weekly,Yes,No,-,No,
3/26/2026 16:54:44,3rd year,School of Management,Female,On-campus dormitory,No,5000,3000,-,5000,Monthly,Yes,Yes,Yes,,0,0,4000,1500,200,100,0,5000,Weekly,Yes,Yes,0,Yes,7
3/26/2026 16:55:17,3rd year,School of Nursing,Female,On-campus dormitory,No,"15,000",-,-,"15,000",Monthly,No,No,No,,0,0,"5,200","5,000",200,500,"1,000","15,000",Daily,Yes,No,,Yes,4-5 days
3/26/2026 16:55:58,3rd year,School of Liberal Arts,Female,Off-campus housing,Yes,6000,3000,2000,11000,Monthly,Yes,No,Yes,,1000,500-700,Around 3500,3000,500,200,Around 1000,Around 10000,Daily,Yes,Yes,300,Yes,5 days 
3/26/2026 16:57:29,3rd year,School of Liberal Arts,Female,On-campus dormitory,No,6000,3000,-,9000,Irregular / When needed,Yes,No,No,,"3,000",0,"5,000/semester","4,000",0,O,"2,000","6,000",Daily,No,No,0,No,0
3/26/2026 16:57:32,3rd year,School of Liberal Arts,Female,Off-campus housing,No,"Around 13,000 THB",-,-,"13,000",Every two weeks,No,No,Yes,,0,Around 1500-1800 THB,"3,500-3,700 THB","Around 5,500 THB",300 THB,100 THB,400 THB,"12,000-13,000 THB",Weekly,Yes,No,,Yes,5-7 days
3/26/2026 16:57:47,5th year or above (including 6th year or more),School of Liberal Arts,Female,On-campus dormitory,No,6000,-,-,0,Monthly,No,No,Yes,,0,1500-2000,3900,3500,400,0,2500,"Approximately 10,000",Daily,No,No,,Yes,10-15 days
3/26/2026 16:58:07,4th year,School of Nursing,Female,Off-campus housing,No,11000,0,0,,Monthly,Yes,No,No,,5000,0,3500,5000,200,200,500,,Occasionally,Yes,No,,No,
3/26/2026 16:58:30,2nd year,School of Social Innovation,Female,On-campus dormitory,No,7000 per month ,Not scholarship ,Don’t have part time job,No,Irregular / When needed,No,No,No,,500,Nothing ,2500 per month ,5000,No ,800,2000,7000 or 7500,Weekly,No,No,No,Yes,7days
3/26/2026 16:58:44,2nd year,School of Liberal Arts,Other,On-campus dormitory,No,8000,-,-,8000,Weekly,No,No,No,,,,8000,5000,1400,1600,1000,-,Never,Yes,Yes,,Yes,
3/26/2026 16:58:57,2nd year,School of Liberal Arts,Female,On-campus dormitory,No,"5,000",-,-,"5,000",Monthly,Yes,No,Yes,,"1,500","1,000","2,000","4,000",500,-,200,"5,000",Daily,Yes,Yes,"1,000",Yes,4days
3/26/2026 16:58:59,1st year,School of Management,Female,On-campus dormitory,No,5000THB,Not Have ,Not Have ,Not have ,Monthly,Yes,No,No,,1000THB,150 THB,1000,3300,300,200,200,4000,Weekly,Yes,No,,No,
3/26/2026 16:59:15,2nd year,School of Social Innovation,Female,Off-campus housing,No,8000,No,No,8000 from my parents,Irregular / When needed,Yes,No,No,,O,0,2700,3000,1000,100,700,7000,Weekly,Yes,No,-,No,I ask my parents to send money if I become insufficient. Can’t predict the days. 
3/26/2026 16:59:23,2nd year,School of Liberal Arts,Other,On-campus dormitory,No,"8,000",None,None,"8,000",Monthly,Yes,No,No,,No,No,"3,900","6,000",500,1000,1000,"10,000",Occasionally,Yes,No,,Yes,"12,000"
3/26/2026 16:59:27,2nd year,School of Liberal Arts,Female,On-campus dormitory,No,8000,-,-,8000,Weekly,Yes,No,Yes,,500-1000,0,3750,7000,0,0,0,7000-8000,Daily,Yes,No,0,No,0
3/26/2026 16:59:52,3rd year,School of Liberal Arts,Female,Off-campus housing,Yes,"12,000/m",Nope,"At least 2,000 per month ","15,000 - 20,000",Monthly,No,Yes,Yes,,I can’t not save any money 😭,"3,000","At least 4,000","4,000-6,000","1,000",Approximately 300,"Approximately 2,000","Approximately 16,000-20,000",Occasionally,Yes,Yes,"3,000",Yes,Half month 
3/26/2026 16:59:56,2nd year,School of Liberal Arts,Female,On-campus dormitory,No,Around 10000,0,0,6000,Weekly,No,No,No,,500,0,10000 per semester ,Around 150-200 per day,Around 100 per week,0,4000,Around 10000,Never,No,No,,No,
3/26/2026 16:59:58,2nd year,School of Science,Female,Off-campus housing,No,7000,1000,0,8000,Monthly,No,No,Yes,,0,500,3000,5000,2000,0,500,I don’t know exactly ,Occasionally,Yes,No,0,Yes,"Around 5 days, I guess"
3/26/2026 17:01:29,1st year,School of Applied Digital Technology,Female,On-campus dormitory,No,6000 per month ,28000,0,0,Weekly,Yes,No,No,,0,0,3500,5000,0,1000,3000,6000,Occasionally,Yes,Yes,3000,Yes,5
3/26/2026 17:01:56,2nd year,School of Liberal Arts,Female,On-campus dormitory,No,"9,000",-,-,No work only begging momey,Weekly,No,No,Yes,,0,0,3500,6500,0,0,A lot,10000,Never,No,Yes,a lot,Yes,15
3/26/2026 17:02:07,1st year,School of Applied Digital Technology,Female,On-campus dormitory,No,6000 THB,-,-,7000 THB,Weekly,Yes,No,Yes,,2000THB,-,3500,2000,1000,1000,1000,8500,Daily,Yes,Yes,1000,Yes,-
3/26/2026 17:02:40,1st year,School of Applied Digital Technology,Female,On-campus dormitory,No,12000,-,-,12000,Monthly,No,No,No,,0,0,5000,8000,500,500,2000,17000,Weekly,Yes,Yes,2000,Yes,7 day
3/26/2026 17:03:16,4th year,School of Management,Male,Off-campus housing,No,10000,-,-,10000,Monthly,Yes,Yes,Yes,,3000,2000,5000,6000,2000,-,2000,15000,Weekly,Yes,Yes,3000,No,-
3/26/2026 17:03:36,1st year,School of Law,Female,On-campus dormitory,No,3000,30000per year ,0,5000,Weekly,Yes,Yes,No,,4000,0,1000,2000,0,500,1500,5000,Occasionally,Yes,Yes,2000,Yes,No
3/26/2026 17:03:41,1st year,School of Law,Female,On-campus dormitory,No,"5,500",0,0,"5,500",Monthly,No,No,No,,0,0,0,0,0,0,0,0,Never,No,No,0,No,
3/26/2026 17:03:41,1st year,School of Applied Digital Technology,Female,On-campus dormitory,No,"7,000 THB",No,No,7000 THB,Weekly,Yes,No,No,,500 TBH,0,"3,500","5,000",500,200,"7,000","7,000",Weekly,Yes,Yes,No,Yes,Yes
3/26/2026 17:03:53,1st year,School of Law,Female,On-campus dormitory,No,4200,0,0,4200,Weekly,No,No,No,,0,0,2000,2000,100,0,0,4100,Weekly,Yes,Yes,,No,
3/26/2026 17:03:55,1st year,School of Law,Female,On-campus dormitory,No,1200,0,0,4800,Weekly,No,No,No,,0,0,2000,1000,100,0,0,0,Weekly,Yes,Yes,.,No,
3/26/2026 17:04:00,1st year,School of Law,Female,On-campus dormitory,No,"7,200฿",0,0,0,Monthly,Yes,Yes,Yes,,0,0,"7,500","2,000","2,000",1000,1000,"10,000",Occasionally,No,No,1000,Yes,5days
3/26/2026 17:04:08,3rd year,School of Management,Female,Off-campus housing,No,12000,Not have scholarships ,-,-,Weekly,Yes,No,Yes,,0,5000,4000,3000,500,0,P,10000,Never,No,Yes,Barber shop of my mom is close,No,
3/26/2026 17:04:41,4th year,School of Science,Male,Off-campus housing,No,6000,0,0,11000,Monthly,No,No,No,,500,0,4800,4000,0,500,1000,5500 ish,Never,Yes,No,,No,
3/26/2026 17:05:29,1st year,School of Management,Male,On-campus dormitory,No,10000,0,0,10000,Monthly,Yes,Yes,Yes,,2000,0,0,0,0,0,0,0,Weekly,Yes,Yes,0,Yes,Yes
3/26/2026 17:05:38,1st year,School of Law,Female,On-campus dormitory,No,7000,-,-,7000,Weekly,No,No,No,,0,0,7500,7000,-,7000,2000,8000,Occasionally,Yes,Yes,1000,Yes,5days
3/26/2026 17:05:50,2nd year,School of Management,Female,Off-campus housing,No,6000,-,-,-,Weekly,No,No,No,,0,O,"2,600",5000,150,0,0,5500,Never,Yes,No,0,No,0
3/26/2026 17:05:52,2nd year,School of Management,Male,With family/relatives,No,"15,000",0,0,0,Every two weeks,No,No,Yes,,0,0,4000,3000,100,0,1000,"15,000",Never,No,No,0,No,0
3/26/2026 17:05:53,3rd year,School of Management,Female,On-campus dormitory,No,"14,500",-,-,"14,500",Weekly,Yes,No,Yes,,4000,0,4100,5000-6000,-,-,4000,14000-15000,Daily,Yes,Yes,1000,Yes,3-4
3/26/2026 17:06:26,4th year,School of Sinology,Female,Off-campus housing,Yes,"10,000฿",-,"~2,400฿","~12,400฿",Monthly,Yes,No,No,,2000-3000฿,0,"2,500฿",5000-6000฿,200฿,-,1000,~8700-9700฿,Weekly,Yes,No,,No,
3/26/2026 17:06:35,3rd year,School of Management,Male,Off-campus housing,No,8000,0,0,8000,Weekly,Yes,No,No,,1000,0,1800,5000,500,0,200,7000,Weekly,Yes,No,,No,
3/26/2026 17:06:36,1st year,School of Applied Digital Technology,Male,On-campus dormitory,No,1500,3000,-,-,Monthly,No,No,Yes,,0,0,IDK,4500,-,IDK,IDK it's not stable,4500,Daily,Yes,No,,No,
3/26/2026 17:07:14,1st year,School of Law,Female,On-campus dormitory,No,"4,000",0,0,"4,000",Weekly,No,No,No,,,,"1,000","8,000","3,000",500,200,"5,000",Weekly,No,No,"2,000",Yes,1 week
3/26/2026 17:08:01,3rd year,School of Liberal Arts,Female,On-campus dormitory,No,"6,000","3,000",-,"9,000",Monthly,No,No,No,,300,0,"3,500","4,000",300,0,0,"7,800",Occasionally,Yes,No,,No,
3/26/2026 17:08:02,5th year or above (including 6th year or more),School of Integrative Medicine,Female,Off-campus housing,No,"20,000",-,-,"20,000",Monthly,Yes,No,Yes,,"5,000~10,000","10,000","8,000","12,000","5,000","2,000","2,500 for hsk 5","20,000",Occasionally,Yes,No,"10,000",No,Nope
3/26/2026 17:08:04,2nd year,School of Social Innovation,Female,Off-campus housing,No,8000,0,0,6000,Monthly,Yes,Yes,No,,,,3000,4000,1800,1000,1500,,Daily,Yes,No,,No,
3/26/2026 17:08:37,1st year,School of Nursing,Prefer not to say,On-campus dormitory,No,6500,-,-,1000,Monthly,Yes,Yes,No,,1000,-,-,3000,500,1000,500,5000,Daily,Yes,No,,No,
3/26/2026 17:09:03,3rd year,School of Science,Female,Off-campus housing,No,35000,None,None,28000,Irregular / When needed,Yes,No,No,,4000,0,5000,10000,6000,0,7000,30000,Never,No,No,Never,No,-
3/26/2026 17:09:47,1st year,School of Liberal Arts,Female,Off-campus housing,No,"12,000 per month from parents.",0,0,"144,000 Baht",Weekly,No,Yes,No,,0,0,"6,000 Baht","8,000 Baht","5,000 Baht ",200 Baht ,0,"19,000 Baht ",Daily,No,Yes,300,No,-
3/26/2026 17:10:11,2nd year,School of Management,Male,On-campus dormitory,No,7000,5000,-,-,Irregular / When needed,Yes,Yes,Yes,,1000,0,2000,1000,-,-,1000,4000,Daily,Yes,No,-,Yes,Yes
3/26/2026 17:10:22,2nd year,School of Applied Digital Technology,Female,On-campus dormitory,No,"4,000",0,0,"4,000",Monthly,Yes,No,No,,"1,000",0,"1,000","3,000",0,0,0,"3,000",Daily,Yes,No,,No,
3/26/2026 17:10:45,1st year,School of Management,Female,On-campus dormitory,No,5000,None,None,None,Monthly,Yes,No,No,,Depends 500-1000 bhat,0,1200-1500,3000,None ,200-300,1000,5000-6000,Never,Yes,No,None ,Yes,5 days 
3/26/2026 17:11:22,4th year,School of Law,Female,On-campus dormitory,No,"5,000","5,000",-,-,Monthly,Yes,No,Yes,,"1,000",-,"5,000","3,500",-,-,500,"5,000",Daily,Yes,Yes,"3,000",No,-
3/26/2026 17:11:49,2nd year,School of Medicine,Female,With family/relatives,No,"10,000",-,-,-,Monthly,Yes,No,No,,-,-,-,-,-,-,-,-,Weekly,No,No,-,No,-
3/26/2026 17:12:01,2nd year,School of Health Science,Male,Off-campus housing,Yes,1000,9000,1000,10000,Irregular / When needed,Yes,No,No,,0,0,2500,6000,400,100,300,10000,Daily,Yes,No,,Yes,5
3/26/2026 17:12:08,4th year,School of Law,Male,Off-campus housing,No,5000,0,0,500,Weekly,No,No,No,,400,0,4500,2000,500,200,500,4000,Occasionally,Yes,Yes,7500,No,-
3/26/2026 17:12:17,3rd year,School of Management,Female,Off-campus housing,No,8000,None,None,8000,Irregular / When needed,No,No,No,,0,0,2500,4000,200,1000,300,8000,Daily,Yes,Yes,Wisdom tooth removal,No,
3/26/2026 17:12:58,2nd year,School of Applied Digital Technology,Female,Off-campus housing,No,10000,-,-,10000,Monthly,Yes,No,No,,100,0,2000,4000,200,600,3000,8000,Occasionally,Yes,No,-,No,-
3/26/2026 17:13:13,4th year,School of Sinology,Female,Off-campus housing,No,6000-8000 / month,-,-,-,Monthly,No,No,No,,800-1000/month,0,3000,4000,100,-,1500,7000,Occasionally,No,No,-,No,-
3/26/2026 17:13:18,2nd year,School of Applied Digital Technology,Male,Off-campus housing,No,2000 per week,-,-,-,Weekly,No,Yes,No,,Unknown,-,3500,4000,300,1000,-,-,Weekly,No,No,-,No,-
3/26/2026 17:13:26,2nd year,School of Health Science,Female,On-campus dormitory,No,"8,000",-,-,"5,000",Every two weeks,Yes,No,No,,,,"5,000","7,000","1,500",-,"2,000",,Weekly,No,No,,No,
3/26/2026 17:14:13,1st year,School of Integrative Medicine,Female,On-campus dormitory,No,"5,000 ฿",-,-,"5,000฿",Weekly,No,No,No,,0,0,0,"3,000-4,000",100-150,500,500,"5,000",Occasionally,No,Yes,"1,000",Yes,1-2 weeks 
3/26/2026 17:15:33,1st year,School of Sinology,Female,On-campus dormitory,No,"3,500",-,-,"3,500",Monthly,Yes,No,No,,"1,000",0,"1,700","2,000",100,100,"1,000","5,000",Occasionally,Yes,Yes,"2,000",Yes,20
3/26/2026 17:15:35,1st year,School of Sinology,Female,On-campus dormitory,No,"3,000THB",-,-,"3,000THB",Weekly,Yes,No,No,,100,-,"1,700","2,000","1,000",300,500,"4,500",Weekly,Yes,Yes,500,Yes,15
3/26/2026 17:16:12,2nd year,School of Applied Digital Technology,Male,Off-campus housing,No,"9,000 Bath ",-,-,Total income ~9000 and not enough available money,Monthly,No,No,No,,2000,0,"4,000","6,000","2,000","5,000","2,000",9000,Occasionally,Yes,No,-,Yes,10
3/26/2026 17:16:16,1st year,School of Applied Digital Technology,Female,On-campus dormitory,No,"6,000",0,0,"6,000",Every two weeks,Yes,No,No,,600,0,"2,300","4,800",200,100,300,"5,400",Weekly,Yes,No,,No,
3/26/2026 17:17:21,3rd year,School of Dentistry,Female,Off-campus housing,No,"10,000",0,0,0,Weekly,Yes,No,No,,"1,000-2,000 THB",0,"4,200","5,000","2,000","1,000","1,000","13,200",Daily,Yes,Yes,500,Yes,1-3 days
3/26/2026 17:17:26,1st year,School of Dentistry,Male,On-campus dormitory,No,6000,9000,6000,5000,Every two weeks,No,Yes,No,,,,17900,6778,6799,678,875,5778,Daily,Yes,No,,Yes,
3/26/2026 17:18:10,1st year,School of Agro-Industry,Male,On-campus dormitory,No,8000,0 I don’t have ,0,8000,Monthly,Yes,No,No,,1000,0,3500,6000,500,sorry I don’t know ,500,Maybe 7000,Weekly,Yes,No,,No,
3/26/2026 17:18:20,2nd year,School of Applied Digital Technology,Male,On-campus dormitory,No,6600,-,-,6600,Monthly,Yes,No,Yes,,500,99,2500,4500,400,-,99,5500,Occasionally,No,No,,No,
3/26/2026 17:18:35,2nd year,School of Applied Digital Technology,Female,Off-campus housing,No,"10,000",-,-,"10,000",Monthly,Yes,No,No,,"2,000",0,"3,200","3,500",150,100,500,"7,450",Occasionally,No,Yes,"4,500",No,
3/26/2026 17:18:48,2nd year,School of Agro-Industry,Female,Off-campus housing,No,"6,000",No,No,"6,000",Every two weeks,Yes,No,No,,0,0,"5,000","4,500",500,0,100-200,"6,500",Never,Yes,Yes,300,Yes,1-2day
3/26/2026 17:19:03,2nd year,School of Nursing,Male,Off-campus housing,No,"9,000 baht",-,-,"5,000 baht",Monthly,,No,No,,500 baht,-,"2,750 baht","4,000 baht",500,0,"500-1,000 baht","8,500",Daily,Yes,Yes,100,Yes,2-3 day
3/26/2026 17:19:36,2nd year,School of Liberal Arts,Female,On-campus dormitory,No,"6,000",-,-,"6,000",Weekly,Yes,Yes,No,,200,-,"3,400","4,000","1,000",2000,1000,"8,000",Weekly,No,No,,No,
3/26/2026 17:20:10,1st year,School of Cosmetic Science,Male,On-campus dormitory,No,"5,000",0,0,"5,000",Monthly,No,No,No,,0,0,500,"4,500",0,0,0,"5,000",Daily,No,No,0,Yes,1
3/26/2026 17:20:17,2nd year,School of Agro-Industry,Female,On-campus dormitory,No,"3,000","3,000",-,"9,000",Monthly,Yes,No,No,,0,0,"35,000","6,000up",400up,0,500up,"10,000up",Occasionally,Yes,Yes,"2,000up",Yes,~7-10day But I have Saved money
3/26/2026 17:20:55,1st year,School of Management,Male,Off-campus housing,No,10000~,0,0,10000+,Weekly,Yes,No,No,,1500+-,0,4500+-,2000+-,500+-,0,500+-,15000+-,Occasionally,Yes,Yes,1000+-,No,
3/26/2026 17:22:26,2nd year,School of Agro-Industry,Female,On-campus dormitory,No,"10,000",0,0,0,Weekly,Yes,No,No,,2000,0,4000+,8000,600,0,1000,8000,,No,Yes,5000,Yes,7
3/26/2026 17:25:04,1st year,School of Dentistry,Female,With family/relatives,No,"10,000",0,0,"10,000",Monthly,Yes,No,No,,0,0,0,"4,000","2,500",0,"1,500","8,000",Daily,Yes,No,,No,
3/26/2026 17:25:45,3rd year,School of Liberal Arts,Female,Off-campus housing,No,6500,-,-,6500,Weekly,Yes,No,No,,500,0,6000,6000,500,0,500,7000,Occasionally,Yes,Yes,5500,No,
3/26/2026 17:25:47,3rd year,School of Liberal Arts,Female,Off-campus housing,No,6000,-,-,6000,Monthly,Yes,No,No,,0,0,3000,4500,70,0,100,7670,Occasionally,Yes,Yes,6500,No,
3/26/2026 17:26:23,1st year,School of Dentistry,Female,On-campus dormitory,No,7000,0,0,0,Monthly,Yes,No,Yes,,200,0,4000/term,5000,500,500,1000,6700,Occasionally,Yes,Yes,1000,Yes,7
3/26/2026 17:26:23,1st year,School of Sinology,Female,On-campus dormitory,No,5000,3000,-,8000,Monthly,Yes,No,No,,2000,-,1000,5000,200,60,1000,7000,Weekly,Yes,Yes,500,Yes,7
3/26/2026 17:27:43,1st year,School of Sinology,Female,On-campus dormitory,No,5000THB,0,0,5000 THB from parents ,Monthly,No,No,Yes,,0,1703 THB,Just pay the electricity bill. May be 200-400,I never knew,0,200 THB,5000 - more,5000,Daily,Yes,Yes,1000,Yes,10 day
3/26/2026 17:28:13,3rd year,School of Management,Female,On-campus dormitory,Yes,5000-7000,none,800-1000,2000-4000,Monthly,Yes,No,No,,500-1500,0,7500 per semester ,2000-3000,2000 motorcycles rent,50,2000-3000,4000-5000,Weekly,Yes,No,0,Yes,3
3/26/2026 17:28:32,1st year,School of Management,Male,On-campus dormitory,Yes,"10,000 thb",No,No,"More than 10,000 thb",Monthly,Yes,Yes,Yes,,2000,8000+,"4,500",5000,0,1000,1500,"Maybe 8,000",Weekly,Yes,No,,No,
3/26/2026 17:32:52,1st year,School of Management,Male,On-campus dormitory,No,10000,-,-,10000,Monthly,No,Yes,No,,0,-,3000,4000,200,500,200,7900,Daily,Yes,No,,No,
3/26/2026 17:33:19,1st year,School of Management,Female,On-campus dormitory,No,4000,-,-,No ,Weekly,No,No,Yes,,0,0,4500,1000,80,0,200,4000,Never,No,Yes,100,Yes,1 week
3/26/2026 17:33:30,1st year,School of Management,Female,On-campus dormitory,No,"4,000 THB",-,-,No ,Weekly,No,No,Yes,,0,0,4700,3000,160,0,300,"4,000",Never,No,Yes,200,Yes,1 weeks 
3/26/2026 21:13:07,2nd year,School of Applied Digital Technology,Male,Off-campus housing,No,7000,0,0,7500,Monthly,No,No,No,,0,0,3000,4500,500,500,0,8000,Daily,No,Yes,1000,No,0
3/26/2026 23:24:41,2nd year,School of Social Innovation,Male,Off-campus housing,Yes,4500,0,8000,"12,500",Monthly,Yes,Yes,No,,3000,0,4000,4000,2000,500,1000,"10,000",Weekly,Yes,Yes,3500,No,0
3/27/2026 12:09:29,4th year,School of Sinology,Female,Other,No,5000,-,-,5000,Every two weeks,Yes,Yes,Yes,,,,3000,3000,1500,-,-,,Daily,Yes,Yes,,Yes,
3/27/2026 12:09:44,2nd year,School of Management,Female,Off-campus housing,Yes,50000 THB,No,Around 10000 THB,50000 THB,Monthly,Yes,No,No,,10000THB,0,8000 THB,10000THB,5000 THB,1000,above 5000,above 30000,Never,No,Yes,20000,No,No
3/27/2026 12:09:44,2nd year,School of Management,Male,On-campus dormitory,Yes,7000 THB,no scholarship,860 THB,7860 THB,Monthly,Yes,Yes,No,,Around 500 THB,.,1000 THB,3500 THB,300 THB,500 THB,1000 THB,Around 5000,Occasionally,Yes,No,.,No,
3/27/2026 12:10:38,2nd year,School of Management,Prefer not to say,Off-campus housing,No,8000,-,-,8000,Weekly,Yes,No,No,,0,0,2000,4000,1000,500,500,8000,Occasionally,No,Yes,500-1000,No,-
3/27/2026 12:17:01,2nd year,School of Management,Female,On-campus dormitory,Yes,5000 THB,...,840,,Monthly,Yes,No,No,,1000,...,1000,150,...,500,...,4000,Daily,Yes,Yes,20000,Yes,A week
3/27/2026 12:19:22,2nd year,School of Management,Female,Off-campus housing,No,"2,000",No,No,24000,Weekly,Yes,No,No,,100,0,"5,500","1,000",0,I don’t Know ,"2,000","24,000",Occasionally,No,Yes,500,Yes,"1 Day Because as soon as they get the money, it's all gone."
3/27/2026 12:20:10,2nd year,School of Management,Female,Off-campus housing,No,"1,200 THB",-,-,-,Weekly,Yes,No,No,,0,0,"3,500 THB","4,000+ THB",-,-,"5,000 THB","4,000-5,000+ THB",Daily,Yes,Yes,500 THB,No,-
3/27/2026 13:50:00,2nd year,School of Management,Male,Off-campus housing,No,4000,0,0,0,Irregular / When needed,No,No,No,,0,0,5000,5000,0,0,0,5000,Never,No,No,.,No,.
3/27/2026 13:52:19,3rd year,School of Law,Female,On-campus dormitory,No,5000,0,0,0,Monthly,No,No,No,,0,0,2500,4000,0,0,1000,5000,Occasionally,No,No,.,No,.
3/27/2026 13:54:28,1st year,School of Cosmetic Science,Female,With family/relatives,No,6000,0,0,0,Monthly,No,No,No,,0,0,1500,4000,0,0,2000,4000,Daily,No,No,.,No,.
3/27/2026 13:56:30,4th year,School of Liberal Arts,Male,With family/relatives,No,4000,0,0,0,Weekly,No,No,No,,0,0,0,4000,1000,0,0,5000,Occasionally,No,No,.,No,.
3/27/2026 14:04:08,2nd year,School of Management,Female,On-campus dormitory,No,"5,000",-,-,,Monthly,No,No,No,,0,0,1000,4500,0,0,500,5000,Never,Yes,No,0,Yes,4 days before
3/27/2026 14:10:24,3rd year,School of Management,Female,Off-campus housing,Yes,8000THB,0 THB,around 700 THB,87000-9000 THB,Monthly,Yes,No,No,,800 THB,0 THB,2200 THB,4000 THB,400 THB,0 THB,1000 THB,7600-8000 THB,Weekly,Yes,Yes,1000 THB,Yes,5 days before 
3/27/2026 14:14:34,2nd year,School of Liberal Arts,Female,On-campus dormitory,No,4000,-,-,-,Monthly,No,No,No,,0,0,4000/1sem,3000,300,300,500-1000,-,Daily,No,No,,Yes,May be one week
3/27/2026 17:08:45,3rd year,School of Management,Female,Off-campus housing,Yes,7000,0,600,10000,Monthly,No,No,No,,1000,0,6000,5000,500,1000,5000,7000,Occasionally,Yes,Yes,500,Yes,20days
3/27/2026 18:27:56,1st year,School of Nursing,Male,On-campus dormitory,No,10000,6000,-,-,Monthly,Yes,No,No,,0,0,1100,5000,100,200,Around 9000,Around 9000,Never,No,No,,No,